foodseg103_class_id,class_name,calories_kcal,protein_g,carb_g,fat_total_g,fiber_g
96,French beans,343.0,18.81,64.11,2.02,25.2
17,almond,578.0,21.26,19.74,50.64,11.8
25,apple,52.0,0.26,13.81,0.17,2.4
27,apricot,48.0,1.4,11.12,0.39,2.0
85,asparagus,20.0,2.2,3.88,0.12,2.1
28,avocado,160.0,2.0,8.53,14.66,6.7
86,bamboo shoots,27.0,2.6,5.2,0.3,2.2
29,banana,89.0,1.09,22.84,0.33,2.6
92,bean sprouts,30.0,3.04,5.94,0.18,1.8
5,biscuit,353.0,7.0,44.6,16.3,1.5
32,blueberry,255.0,1.84,41.31,10.03,1.9
58,bread,266.0,7.64,50.61,3.29,2.4
87,broccoli,34.0,2.82,6.64,0.37,2.6
91,cabbage,24.0,1.44,5.58,0.12,2.3
10,cake,373.0,3.5,58.8,14.5,0.3
1,candy,384.0,0.0,95.71,0.1,0.0
84,carrot,41.0,0.93,9.58,0.24,2.8
19,cashew,553.0,18.22,30.19,43.85,3.3
72,cauliflower,25.0,1.98,5.3,0.1,2.5
88,celery stick,38.0,1.37,0.89,3.37,0.4
9,cheese butter,496.0,12.41,56.74,25.12,3.4
31,cherry,18.0,0.88,3.92,0.2,1.2
48,chicken duck,336.0,18.91,0.0,28.23,0.0
4,chocolate,535.0,7.65,59.4,29.66,3.4
89,cilantro mint,23.0,2.13,3.67,0.52,2.8
13,coffee,1.0,0.12,0.04,0.02,0.0
59,corn,86.0,3.22,19.02,1.18,2.7
53,crab,101.0,20.03,0.0,1.76,0.0
82,cucumber,15.0,0.65,3.63,0.11,0.5
26,date,282.0,2.45,75.03,0.39,8.0
20,dried cranberries,308.0,0.07,82.36,1.37,5.7
24,egg,147.0,12.58,0.77,9.94,0.0
2,egg tart,375.0,6.33,37.05,22.44,0.9
69,eggplant,24.0,1.01,5.7,0.19,3.4
99,enoki mushroom,42.0,2.7,6.96,0.41,2.5
39,fig,74.0,0.75,19.18,0.3,2.9
54,fish,84.0,17.76,0.0,0.92,0.0
3,french fries,274.0,3.48,35.66,14.06,3.3
50,fried meat,302.0,23.96,9.38,18.75,6.4
71,garlic,149.0,6.36,33.06,0.5,2.1
78,ginger,80.0,1.82,17.77,0.75,2.0
41,grape,69.0,0.72,18.1,0.16,0.9
95,green beans,31.0,1.82,7.13,0.12,3.4
60,hamburg,305.0,13.69,33.9,13.13,
62,hanamaki baozi,251.0,5.98,57.2,0.27,0.2
8,ice cream,201.0,3.52,24.4,10.72,0.7
14,juice,45.0,0.7,10.4,0.2,0.2
74,kelp,43.0,1.68,9.57,0.56,1.3
97,king oyster mushroom,105.0,20.28,0.0,2.0,0.0
42,kiwi,61.0,1.14,14.66,0.52,3.0
51,lamb,292.0,24.32,0.0,20.77,0.0
37,lemon,29.0,1.1,9.32,0.3,2.8
80,lettuce,14.0,0.9,2.97,0.14,1.2
34,mango,65.0,0.51,17.0,0.27,1.8
43,melon,34.0,0.84,8.16,0.19,0.9
15,milk,50.0,3.29,4.71,2.0,0.0
12,milkshake,328.0,23.5,52.9,2.6,1.6
65,noodles,137.0,4.51,25.01,2.06,1.2
79,okra,31.0,2.0,7.03,0.1,3.2
35,olives,117.0,0.92,5.4,11.27,3.1
93,onion,42.0,0.92,10.11,0.08,1.4
44,orange,47.0,0.94,11.75,0.12,2.4
103,other ingredients,251.0,5.98,57.2,0.27,0.2
100,oyster mushroom,35.0,3.34,6.43,0.44,2.4
64,pasta,129.0,7.93,13.07,5.12,1.5
36,peach,39.0,0.91,9.54,0.25,1.5
23,peanut,599.0,28.03,15.26,52.5,9.4
38,pear,58.0,0.38,15.46,0.12,3.1
94,pepper,26.0,0.99,6.03,0.3,2.0
67,pie,237.0,1.9,34.0,11.0,1.6
40,pineapple,48.0,0.54,12.63,0.12,1.4
61,pizza,301.0,12.09,31.45,13.8,1.6
6,popcorn,387.0,12.94,77.78,4.54,14.5
47,pork,136.0,20.54,0.0,5.41,0.0
70,potato,104.0,1.66,19.36,2.4,1.7
7,pudding,109.0,3.17,19.4,2.02,0.8
81,pumpkin,26.0,1.0,6.5,0.1,0.5
77,rape,813.0,0.0,0.0,92.0,0.0
33,raspberry,199.0,2.32,23.12,11.47,2.4
18,red beans,112.0,3.72,18.12,2.69,3.4
66,rice,129.0,2.66,27.9,0.28,0.4
102,salad,387.0,0.83,9.01,39.53,0.1
52,sauce,37.0,1.3,7.41,0.2,1.5
49,sausage,304.0,15.09,0.0,26.53,0.0
75,seaweed,38.0,2.38,8.43,0.26,0.8
55,shellfish,94.0,8.45,6.14,3.91,0.7
98,shiitake,56.0,1.56,14.39,0.22,2.1
56,shrimp,144.0,27.59,1.24,2.35,0.0
90,snow peas,42.0,2.8,7.55,0.2,2.6
57,soup,32.0,1.46,4.66,0.9,0.2
21,soy,52.0,4.48,4.93,1.92,1.3
76,spring onion,32.0,1.83,7.34,0.19,2.6
46,steak,251.0,27.4,0.0,14.84,0.0
30,strawberry,47.0,0.74,11.54,0.27,1.4
16,tea,1.0,0.0,0.3,0.0,0.0
68,tofu,55.0,4.8,2.9,2.7,0.1
73,tomato,18.0,0.88,3.92,0.2,1.2
22,walnut,654.0,15.23,13.71,65.21,6.7
45,watermelon,30.0,0.61,7.55,0.15,0.4
101,white button mushroom,52.0,10.9,0.73,0.17,0.0
83,white radish,14.0,1.1,2.63,0.1,1.4
11,wine,85.0,0.07,2.59,0.0,0.0
63,wonton dumplings,291.0,9.8,57.9,1.5,1.8
